,index,Argument,total,relative_total,argument_importance,positive_ratio,negative_ratio,neutral_ratio,opinion_score,2014_absolute,2014_relative,2015_absolute,2015_relative,2016_absolute,2016_relative,2017_absolute,2017_relative,2018_absolute,2018_relative,2019_absolute,2019_relative,2020_absolute,2020_relative,2021_absolute,2021_relative,2022_absolute,2022_relative,relative_std_dev,relative_variance
0,6,Growth,3125,0.12563319128407172,0.1256,0.8387,0.1293,0.032,0.7094,51,0.927,50,0.926,38,0.905,53,0.914,48,0.814,54,0.947,151,0.821,156,0.848,170,0.762,0.06425686301434616,0.004128944444444447
1,7,Revenue,2967,0.11928117713274905,0.1193,0.7085,0.1999,0.0917,0.5086,48,0.873,45,0.833,38,0.905,47,0.81,49,0.831,49,0.86,157,0.853,153,0.832,180,0.807,0.03132668369156095,0.0009813611111111108
2,8,Margins,1503,0.060424539679987135,0.0604,0.5655,0.3653,0.0692,0.2002,38,0.691,28,0.519,24,0.571,37,0.638,37,0.627,33,0.579,124,0.674,117,0.636,145,0.65,0.05450484178288915,0.0029707777777777783
4,9,Market Conditions,1116,0.04486612527136769,0.0449,0.353,0.4928,0.1541,-0.13980000000000004,39,0.709,26,0.481,23,0.548,28,0.483,27,0.458,23,0.404,127,0.69,99,0.538,150,0.673,0.11127643256523118,0.012382444444444442
3,5,Market Share,1174,0.047197877301600064,0.0472,0.799,0.161,0.04,0.638,37,0.673,33,0.611,29,0.69,31,0.534,34,0.576,29,0.509,98,0.533,96,0.522,111,0.498,0.07121407476366201,0.005071444444444443
5,11,Investments,924,0.037147221998874325,0.0371,0.6656,0.1829,0.1515,0.48269999999999996,33,0.6,30,0.556,19,0.452,29,0.5,27,0.458,31,0.544,79,0.429,83,0.451,111,0.498,0.057630287176102114,0.00332125
6,15,Cost Management,878,0.03529790142317279,0.0353,0.5091,0.4032,0.0877,0.1059,26,0.473,18,0.333,15,0.357,25,0.431,23,0.39,23,0.404,100,0.543,92,0.5,104,0.466,0.06869133860975488,0.004718500000000001
7,4,Competition,792,0.03184047599903514,0.0318,0.178,0.7462,0.0758,-0.5682,41,0.745,24,0.444,23,0.548,31,0.534,38,0.644,26,0.456,77,0.418,68,0.37,69,0.309,0.1366035423324658,0.01866052777777778
8,13,Earnings per Share,702,0.028222240090053873,0.0282,0.6439,0.1752,0.1809,0.4687,37,0.673,36,0.667,34,0.81,33,0.569,29,0.492,25,0.439,67,0.364,53,0.288,35,0.157,0.2071733037284915,0.04292077777777779
11,36,Financial Performance,597,0.024000964862909063,0.024,0.6181,0.2931,0.0888,0.32499999999999996,14,0.255,20,0.37,19,0.452,28,0.483,17,0.288,22,0.386,73,0.397,65,0.353,89,0.399,0.07180258429270574,0.005155611111111112
14,46,Earnings,500,0.020101310605451474,0.0201,0.576,0.292,0.132,0.284,4,0.073,18,0.333,10,0.238,11,0.19,17,0.288,24,0.421,80,0.435,72,0.391,98,0.439,0.12643081111817642,0.01598475
10,1,Market Expansion,601,0.024161775347752674,0.0242,0.8752,0.0915,0.0333,0.7837,18,0.327,21,0.389,19,0.452,23,0.397,16,0.271,20,0.351,69,0.375,64,0.348,78,0.35,0.05023638566262948,0.0025236944444444447
12,12,Cash Flow,548,0.022031036423574818,0.022,0.6715,0.2409,0.0876,0.4306,22,0.4,18,0.333,12,0.286,12,0.207,12,0.203,18,0.316,69,0.375,58,0.315,62,0.278,0.06700207293642323,0.004489277777777779
16,25,Valuation,414,0.016643885181313822,0.0166,0.2101,0.2826,0.5072,-0.07250000000000001,23,0.418,19,0.352,14,0.333,17,0.293,23,0.39,24,0.421,62,0.337,49,0.266,50,0.224,0.06746562910928135,0.0045516111111111104
13,40,Customer,540,0.021709415453887593,0.0217,0.7852,0.1315,0.0833,0.6537,15,0.273,18,0.333,11,0.262,20,0.345,21,0.356,20,0.351,59,0.321,45,0.245,59,0.265,0.04391184350491333,0.001928249999999999
19,67,Earnings Forecast,339,0.0136286885904961,0.0136,0.3835,0.3805,0.236,0.0030000000000000027,0,0.0,0,0.0,0,0.0,19,0.328,20,0.339,18,0.316,56,0.304,65,0.353,61,0.274,0.16101940876801157,0.025927250000000002
9,0,Technology Trends,637,0.02560906971134518,0.0256,0.8697,0.0848,0.0455,0.7849,17,0.309,17,0.315,18,0.429,16,0.276,19,0.322,11,0.193,40,0.217,51,0.277,49,0.22,0.07161839459555376,0.005129194444444444
15,3,Innovation,451,0.018131382166117233,0.0181,0.918,0.0576,0.0244,0.8604,12,0.218,14,0.259,9,0.214,15,0.259,18,0.305,14,0.246,36,0.196,48,0.261,41,0.184,0.038111678000319005,0.0014524999999999998
17,20,Regulations,363,0.014593551499557772,0.0146,0.1625,0.7163,0.1212,-0.5538000000000001,13,0.236,9,0.167,5,0.119,15,0.259,15,0.254,7,0.123,41,0.223,44,0.239,42,0.188,0.05415127986586385,0.0029323611111111113
21,23,Shares Repurchase,320,0.012864838787488944,0.0129,0.7938,0.0812,0.125,0.7125999999999999,16,0.291,13,0.241,11,0.262,10,0.172,13,0.22,8,0.14,39,0.212,31,0.168,48,0.215,0.0479012293973524,0.0022945277777777773
22,22,Balance Sheet,308,0.012382407332958109,0.0124,0.6558,0.1721,0.1721,0.4837,18,0.327,10,0.185,13,0.31,7,0.121,4,0.068,5,0.088,43,0.234,36,0.196,42,0.188,0.09028673459841398,0.008151694444444444
20,30,Risk Management,333,0.013387472863230682,0.0134,0.2252,0.6937,0.0811,-0.46849999999999997,17,0.309,14,0.259,7,0.167,15,0.259,5,0.085,6,0.105,38,0.207,30,0.163,43,0.193,0.07360102656288912,0.005417111111111111
24,17,Marketing,292,0.011739165393583662,0.0117,0.6781,0.2329,0.089,0.44520000000000004,8,0.145,10,0.185,8,0.19,9,0.155,10,0.169,13,0.228,37,0.201,32,0.174,39,0.175,0.024752665400809764,0.0006126944444444448
23,34,Mergers and Acquisition,293,0.011779368014794565,0.0118,0.6314,0.2218,0.1468,0.40959999999999996,15,0.273,10,0.185,12,0.286,12,0.207,7,0.119,11,0.193,42,0.228,27,0.147,26,0.117,0.06110032733136542,0.0037332499999999996
27,26,Supply Chain,212,0.008522955696711425,0.0085,0.4623,0.4858,0.0519,-0.02350000000000002,11,0.2,7,0.13,5,0.119,6,0.103,10,0.169,6,0.105,17,0.092,36,0.196,43,0.193,0.04412985887632596,0.001947444444444445
28,19,Economic Conditions,211,0.008482753075500523,0.0085,0.2607,0.5924,0.1469,-0.33170000000000005,15,0.273,8,0.148,6,0.143,3,0.052,8,0.136,3,0.053,18,0.098,31,0.168,48,0.215,0.07175382297209754,0.005148611111111112
18,16,Research and Development,348,0.013990512181394226,0.014,0.8103,0.0948,0.0948,0.7155,6,0.109,4,0.074,2,0.048,11,0.19,14,0.237,11,0.193,23,0.125,37,0.201,30,0.135,0.06341288863034426,0.004021194444444444
26,18,Leadership,237,0.009528021226983999,0.0095,0.6498,0.2743,0.0759,0.37550000000000006,13,0.236,13,0.241,5,0.119,9,0.155,5,0.085,15,0.263,26,0.141,17,0.092,30,0.135,0.06690104632963523,0.00447575
25,21,Dividend Policy,245,0.009849642196671223,0.0098,0.6653,0.2204,0.1143,0.44489999999999996,10,0.182,9,0.167,5,0.119,10,0.172,8,0.136,6,0.105,32,0.174,20,0.109,23,0.103,0.03293849487217721,0.0010849444444444444
30,35,E-commerce,173,0.00695505346948621,0.007,0.7572,0.1618,0.0809,0.5953999999999999,5,0.091,6,0.111,2,0.048,5,0.086,8,0.136,7,0.123,32,0.174,28,0.152,19,0.085,0.038864436757071935,0.0015104444444444442
31,32,Employees,150,0.006030393181635443,0.006,0.4,0.3933,0.2067,0.006700000000000039,9,0.164,10,0.185,5,0.119,10,0.172,12,0.203,6,0.105,18,0.098,17,0.092,22,0.099,0.04322936244935585,0.0018687777777777778
33,56,Taxes,130,0.0052263407574173835,0.0052,0.2769,0.4538,0.2692,-0.1769,0,0.0,3,0.056,6,0.143,7,0.121,11,0.186,5,0.088,24,0.13,23,0.125,21,0.094,0.05376052868456972,0.002890194444444444
32,24,Price/Earnings Ratio,132,0.00530674599983919,0.0053,0.3182,0.2348,0.447,0.08339999999999997,12,0.218,7,0.13,6,0.143,5,0.086,8,0.136,15,0.263,18,0.098,12,0.065,11,0.049,0.07013201836536576,0.0049185
44,57,Stock Performance,96,0.0038594516362466832,0.0039,0.4792,0.4375,0.0833,0.041700000000000015,0,0.0,2,0.037,5,0.119,11,0.19,7,0.119,10,0.175,20,0.109,15,0.082,12,0.054,0.06216108107168022,0.0038640000000000002
36,43,Inventory Management,121,0.004864517166519257,0.0049,0.4463,0.3884,0.1653,0.05789999999999995,2,0.036,2,0.037,4,0.095,3,0.052,6,0.102,8,0.14,18,0.098,16,0.087,23,0.103,0.034785054261852175,0.0012100000000000001
35,38,Return On Equity,121,0.004864517166519257,0.0049,0.6281,0.1818,0.1901,0.44630000000000003,1,0.018,1,0.019,3,0.071,2,0.034,2,0.034,4,0.07,37,0.201,19,0.103,13,0.058,0.05726934413608888,0.003279777777777778
34,42,Debt,126,0.005065530272573772,0.0051,0.0794,0.7619,0.1587,-0.6825,5,0.091,5,0.093,10,0.238,4,0.069,3,0.051,2,0.035,18,0.098,18,0.098,17,0.076,0.05815496539419484,0.003381999999999999
29,2,Partnerships and Collaborations,175,0.0070354587119080166,0.007,0.9371,0.0514,0.0114,0.8857,4,0.073,5,0.093,1,0.024,7,0.121,3,0.051,7,0.123,22,0.12,12,0.065,19,0.085,0.03434910640920825,0.001179861111111111
42,39,Profitability,100,0.004020262121090295,0.004,0.63,0.31,0.06,0.32,3,0.055,7,0.13,3,0.071,7,0.121,6,0.102,9,0.158,15,0.082,16,0.087,14,0.063,0.03415080932829818,0.001166277777777778
40,45,Product Strategy,102,0.004100667363512101,0.0041,0.7745,0.1471,0.0784,0.6274,5,0.091,9,0.167,5,0.119,12,0.207,3,0.051,6,0.105,12,0.065,11,0.06,16,0.072,0.05275283036113902,0.002782861111111111
38,27,Demand,104,0.004181072605933907,0.0042,0.4327,0.4231,0.1442,0.009599999999999997,9,0.164,8,0.148,2,0.048,2,0.034,6,0.102,0,0.0,15,0.082,13,0.071,22,0.099,0.052515341673753886,0.0027578611111111115
41,47,Currency,101,0.004060464742301198,0.0041,0.0396,0.8614,0.099,-0.8218000000000001,0,0.0,8,0.148,4,0.095,6,0.103,8,0.136,4,0.07,14,0.076,9,0.049,23,0.103,0.044888751374926886,0.0020150000000000003
43,41,Industry Outlook,99,0.003980059499879392,0.004,0.7172,0.1616,0.1212,0.5556,2,0.036,1,0.019,1,0.024,4,0.069,0,0.0,5,0.088,21,0.114,23,0.125,17,0.076,0.04387703778110419,0.0019251944444444447
49,10,Long-term Growth,80,0.003216209696872236,0.0032,0.825,0.0625,0.1125,0.7625,5,0.091,6,0.111,2,0.048,5,0.086,5,0.085,4,0.07,16,0.087,13,0.071,14,0.063,0.018299210669072887,0.000334861111111111
50,29,Global Presence,76,0.003055399212028624,0.0031,0.6974,0.2763,0.0263,0.42110000000000003,12,0.218,6,0.111,5,0.119,2,0.034,2,0.034,4,0.07,20,0.109,10,0.054,8,0.036,0.06004327143356234,0.003605194444444444
48,48,Operations,82,0.003296614939294042,0.0033,0.6341,0.2439,0.122,0.3902,0,0.0,6,0.111,1,0.024,7,0.121,2,0.034,3,0.053,20,0.109,8,0.043,22,0.099,0.04448314287457666,0.00197875
45,44,Sales Performance,92,0.0036986411514030714,0.0037,0.3696,0.5,0.1304,-0.13040000000000002,2,0.036,11,0.204,10,0.238,2,0.034,3,0.051,4,0.07,11,0.06,3,0.016,21,0.094,0.07846938539611766,0.006157444444444444
37,37,Production,110,0.004422288333199325,0.0044,0.5,0.3455,0.1545,0.15450000000000003,3,0.055,3,0.056,1,0.024,4,0.069,4,0.068,1,0.018,10,0.054,16,0.087,22,0.099,0.026269965951845296,0.0006901111111111111
39,49,Processes,102,0.004100667363512101,0.0041,0.8824,0.0784,0.0392,0.8039999999999999,0,0.0,2,0.037,1,0.024,1,0.017,3,0.051,4,0.07,21,0.114,17,0.092,15,0.067,0.03696319490760746,0.0013662777777777779
47,53,Product Performance,84,0.0033770201817158478,0.0034,0.7619,0.1905,0.0476,0.5714,0,0.0,1,0.019,5,0.119,6,0.103,8,0.136,8,0.14,10,0.054,10,0.054,14,0.063,0.050539863254442804,0.002554277777777778
46,31,Product Characteristics,90,0.0036182359089812657,0.0036,0.8667,0.0444,0.0889,0.8223,8,0.145,6,0.111,3,0.071,4,0.069,2,0.034,4,0.07,15,0.082,11,0.06,5,0.022,0.03712067408391777,0.0013779444444444442
52,28,Pricing Strategy,71,0.0028543861059741097,0.0029,0.6056,0.1972,0.1972,0.40840000000000004,4,0.073,1,0.019,1,0.024,1,0.017,1,0.017,0,0.0,8,0.043,13,0.071,26,0.117,0.03757326176950838,0.00141175
53,65,Stock Recommendation,61,0.00245235989386508,0.0025,0.541,0.1967,0.2623,0.34430000000000005,0,0.0,0,0.0,0,0.0,12,0.207,7,0.119,5,0.088,8,0.043,12,0.065,11,0.049,0.06800939477585267,0.004625277777777778
54,50,Stock Price,59,0.0023719546514432742,0.0024,0.4068,0.4746,0.1186,-0.06780000000000003,0,0.0,5,0.093,2,0.048,7,0.121,3,0.051,4,0.07,15,0.082,7,0.038,12,0.054,0.034833333333333334,0.001213361111111111
55,55,Guidance,54,0.0021709415453887593,0.0022,0.4444,0.2593,0.2963,0.18510000000000004,0,0.0,4,0.074,7,0.167,5,0.086,8,0.136,1,0.018,10,0.054,5,0.027,11,0.049,0.05493961331417533,0.0030183611111111114
59,75,Risks,37,0.0014874969848034092,0.0015,0.027,0.9459,0.027,-0.9188999999999999,0,0.0,0,0.0,0,0.0,1,0.017,2,0.034,2,0.035,7,0.038,17,0.092,8,0.036,0.02919332115399,0.00085225
58,33,Seasonality,38,0.001527699606014312,0.0015,0.0526,0.7105,0.2368,-0.6579,3,0.055,3,0.056,2,0.048,6,0.103,8,0.136,4,0.07,8,0.043,1,0.005,1,0.004,0.04230182554505709,0.0017894444444444446
62,51,Market Cap,32,0.0012864838787488943,0.0013,0.375,0.2188,0.4062,0.1562,0,0.0,1,0.019,5,0.119,3,0.052,3,0.051,3,0.053,10,0.054,5,0.027,2,0.009,0.035316426772820604,0.0012472499999999999
51,103,Clinical Trials,74,0.0029749939696068184,0.003,0.6622,0.1622,0.1757,0.5,0,0.0,0,0.0,0,0.0,0,0.0,0,0.0,1,0.018,11,0.06,11,0.06,5,0.022,0.02540559868305497,0.0006454444444444445
61,105,Operating Leverage,33,0.0013266864999597974,0.0013,0.6364,0.3333,0.0303,0.3031,0,0.0,0,0.0,0,0.0,0,0.0,0,0.0,0,0.0,9,0.049,12,0.065,6,0.027,0.025362373705944796,0.00064325
56,115,Sustainability,44,0.0017689153332797298,0.0018,0.8636,0.1364,0.0,0.7272000000000001,0,0.0,0,0.0,0,0.0,0,0.0,0,0.0,0,0.0,7,0.038,12,0.065,8,0.036,0.02454134832843904,0.0006022777777777778
65,71,Geopolitical Risk,24,0.0009648629090616708,0.001,0.0,0.9167,0.0833,-0.9167,0,0.0,0,0.0,0,0.0,5,0.086,7,0.119,3,0.053,2,0.011,2,0.011,5,0.022,0.04324092711515073,0.0018697777777777775
67,99,Leverage,23,0.0009246602878507679,0.0009,0.087,0.2174,0.6957,-0.13040000000000002,0,0.0,0,0.0,0,0.0,0,0.0,0,0.0,2,0.035,10,0.054,9,0.049,2,0.009,0.022972810015320286,0.00052775
70,117,Execution,20,0.000804052424218059,0.0008,0.3,0.6,0.1,-0.3,0,0.0,0,0.0,0,0.0,0,0.0,0,0.0,0,0.0,7,0.038,5,0.027,8,0.036,0.017086381841819067,0.0002919444444444444
66,233,Market Performance,24,0.0009648629090616708,0.001,0.5417,0.4583,0.0,0.08339999999999997,0,0.0,0,0.0,0,0.0,0,0.0,0,0.0,0,0.0,0,0.0,0,0.0,19,0.085,0.028333333333333335,0.0008027777777777778
60,190,Price/Mix Strategy,34,0.0013668891211707002,0.0014,0.6471,0.1765,0.1765,0.4706,0,0.0,0,0.0,0,0.0,0,0.0,0,0.0,0,0.0,0,0.0,7,0.038,11,0.049,0.0193778223750761,0.0003755
69,66,Synergies,21,0.0008442550454289619,0.0008,0.8095,0.0,0.1905,0.8095,0,0.0,0,0.0,0,0.0,3,0.052,0,0.0,3,0.053,5,0.027,3,0.016,3,0.013,0.02175686354029714,0.00047336111111111103
73,114,Risk/Reward,18,0.0007236471817962531,0.0007,0.7222,0.2222,0.0556,0.49999999999999994,0,0.0,0,0.0,0,0.0,0,0.0,0,0.0,0,0.0,4,0.022,5,0.027,7,0.031,0.013522614803029446,0.0001828611111111111
76,113,Shares Outstanding,15,0.0006030393181635442,0.0006,0.0667,0.1333,0.8,-0.0666,0,0.0,0,0.0,0,0.0,0,0.0,0,0.0,0,0.0,8,0.043,5,0.027,1,0.004,0.01575418815567608,0.00024819444444444444
75,131,Oil Prices,16,0.0006432419393744472,0.0006,0.4375,0.4375,0.125,0.0,0,0.0,0,0.0,0,0.0,0,0.0,0,0.0,0,0.0,3,0.016,4,0.022,7,0.031,0.012103718436910204,0.00014649999999999998
74,70,Marketplace,17,0.0006834445605853501,0.0007,0.8235,0.1176,0.0588,0.7059,0,0.0,0,0.0,0,0.0,2,0.034,2,0.034,1,0.018,6,0.033,0,0.0,2,0.009,0.01575418815567608,0.0002481944444444445
77,59,Stock Ownership,14,0.0005628366969526413,0.0006,0.8571,0.0714,0.0714,0.7857,0,0.0,0,0.0,1,0.024,4,0.069,3,0.051,1,0.018,3,0.016,1,0.005,0,0.0,0.024550967394381836,0.0006027500000000001
81,159,Market Expectations,12,0.0004824314545308354,0.0005,0.25,0.5,0.25,-0.25,0,0.0,0,0.0,0,0.0,0,0.0,0,0.0,0,0.0,0,0.0,8,0.043,4,0.018,0.014830524078549765,0.00021994444444444438
80,95,Sentiment,13,0.0005226340757417384,0.0005,0.3077,0.5385,0.1538,-0.2308,0,0.0,0,0.0,0,0.0,0,0.0,0,0.0,2,0.035,3,0.016,4,0.022,3,0.013,0.012807332968958751,0.00016402777777777778
63,96,Efficacy,31,0.0012462812575379915,0.0012,0.7742,0.0645,0.1613,0.7097,0,0.0,0,0.0,0,0.0,0,0.0,0,0.0,2,0.035,3,0.016,5,0.027,2,0.009,0.013462912017836262,0.00018125000000000004
68,72,Refranchising,23,0.0009246602878507679,0.0009,0.8696,0.087,0.0435,0.7826000000000001,0,0.0,0,0.0,0,0.0,1,0.017,0,0.0,1,0.018,1,0.005,1,0.005,8,0.036,0.012399596767637243,0.00015374999999999997
57,104,Loan Portfolio,42,0.0016885100908579239,0.0017,0.1905,0.5238,0.2857,-0.33330000000000004,0,0.0,0,0.0,0,0.0,0,0.0,0,0.0,0,0.0,7,0.038,2,0.011,3,0.013,0.012781279713358561,0.00016336111111111109
72,124,Credit Quality,18,0.0007236471817962531,0.0007,0.5556,0.3889,0.0556,0.16669999999999996,0,0.0,0,0.0,0,0.0,0,0.0,0,0.0,0,0.0,4,0.022,5,0.027,2,0.009,0.01072510036213078,0.00011502777777777778
64,97,Safety,27,0.0010854707726943797,0.0011,0.8148,0.1481,0.037,0.6667,0,0.0,0,0.0,0,0.0,0,0.0,0,0.0,2,0.035,3,0.016,4,0.022,2,0.009,0.0127420999490316,0.00016236111111111112
83,98,Divestment,11,0.00044222883331993245,0.0004,0.8182,0.0909,0.0909,0.7273000000000001,0,0.0,0,0.0,0,0.0,0,0.0,0,0.0,3,0.053,2,0.011,2,0.011,4,0.018,0.01737095276604021,0.00030175
78,227,Commodities,14,0.0005628366969526413,0.0006,0.2857,0.7143,0.0,-0.42860000000000004,0,0.0,0,0.0,0,0.0,0,0.0,0,0.0,0,0.0,0,0.0,0,0.0,10,0.045,0.015000000000000001,0.00022500000000000002
82,172,Commodity Prices,11,0.00044222883331993245,0.0004,0.3636,0.5455,0.0909,-0.1819,0,0.0,0,0.0,0,0.0,0,0.0,0,0.0,0,0.0,0,0.0,4,0.022,6,0.027,0.0108755587340503,0.00011827777777777778
71,106,Investment Banking,20,0.000804052424218059,0.0008,0.8,0.15,0.05,0.65,0,0.0,0,0.0,0,0.0,0,0.0,0,0.0,0,0.0,5,0.027,1,0.005,4,0.018,0.010001388792451665,0.00010002777777777777
79,140,Loan Loss Reserves,13,0.0005226340757417384,0.0005,0.4615,0.4615,0.0769,0.0,0,0.0,0,0.0,0,0.0,0,0.0,0,0.0,0,0.0,4,0.022,2,0.011,3,0.013,0.008207381501496754,6.73611111111111e-05
85,208,Data Analytics,10,0.0004020262121090295,0.0004,1.0,0.0,0.0,1.0,0,0.0,0,0.0,0,0.0,0,0.0,0,0.0,0,0.0,0,0.0,2,0.011,7,0.031,0.010523782589924594,0.00011075
91,146,Health Impact,8,0.0003216209696872236,0.0003,0.25,0.5,0.25,-0.25,0,0.0,0,0.0,0,0.0,0,0.0,0,0.0,0,0.0,1,0.005,5,0.027,2,0.009,0.00900154307759385,8.102777777777777e-05
94,52,Backlog,8,0.0003216209696872236,0.0003,0.875,0.125,0.0,0.75,0,0.0,1,0.019,1,0.024,0,0.0,1,0.017,0,0.0,1,0.005,2,0.011,1,0.004,0.009198429817697753,8.461111111111111e-05
93,90,Operational Issues,8,0.0003216209696872236,0.0003,0.0,1.0,0.0,-1.0,0,0.0,0,0.0,0,0.0,0,0.0,1,0.017,0,0.0,3,0.016,2,0.011,1,0.004,0.007297259759663213,5.3250000000000014e-05
97,107,Sales & Trading,7,0.00028141834847632063,0.0003,0.5714,0.2857,0.1429,0.2857,0,0.0,0,0.0,0,0.0,0,0.0,0,0.0,0,0.0,3,0.016,0,0.0,4,0.018,0.007512951779723096,5.644444444444444e-05
86,169,Litigation,9,0.00036182359089812654,0.0004,0.1111,0.8889,0.0,-0.7778,0,0.0,0,0.0,0,0.0,0,0.0,0,0.0,0,0.0,0,0.0,3,0.016,4,0.018,0.007512951779723096,5.644444444444444e-05
88,69,Performance,8,0.0003216209696872236,0.0003,0.625,0.25,0.125,0.375,0,0.0,0,0.0,0,0.0,1,0.017,0,0.0,0,0.0,1,0.005,2,0.011,3,0.013,0.0067905162624877875,4.6111111111111115e-05
84,89,Data Protection,10,0.0004020262121090295,0.0004,0.5,0.5,0.0,0.0,0,0.0,0,0.0,0,0.0,0,0.0,1,0.017,2,0.035,2,0.011,2,0.011,0,0.0,0.011976829482147788,0.00014344444444444447
89,138,Restructuring,8,0.0003216209696872236,0.0003,0.75,0.25,0.0,0.5,0,0.0,0,0.0,0,0.0,0,0.0,0,0.0,0,0.0,1,0.005,4,0.022,1,0.004,0.0072303373211612875,5.227777777777778e-05
102,164,Deposits,6,0.0002412157272654177,0.0002,0.5,0.3333,0.1667,0.16670000000000001,0,0.0,0,0.0,0,0.0,0,0.0,0,0.0,0,0.0,0,0.0,4,0.022,2,0.009,0.0075682083598284855,5.727777777777777e-05
104,61,Quality,6,0.0002412157272654177,0.0002,0.6667,0.3333,0.0,0.3334,0,0.0,0,0.0,1,0.024,0,0.0,1,0.017,0,0.0,3,0.016,1,0.005,0,0.0,0.009479510067039917,8.986111111111113e-05
87,231,COVID Impact,9,0.00036182359089812654,0.0004,0.3333,0.6667,0.0,-0.3334,0,0.0,0,0.0,0,0.0,0,0.0,0,0.0,0,0.0,0,0.0,0,0.0,6,0.027,0.009000000000000001,8.1e-05
95,109,Debt Underwriting,7,0.00028141834847632063,0.0003,0.7143,0.2857,0.0,0.42860000000000004,0,0.0,0,0.0,0,0.0,0,0.0,0,0.0,0,0.0,4,0.022,0,0.0,1,0.004,0.007287737036358482,5.311111111111111e-05
96,122,Trading,7,0.00028141834847632063,0.0003,0.8571,0.1429,0.0,0.7142,0,0.0,0,0.0,0,0.0,0,0.0,0,0.0,0,0.0,2,0.011,0,0.0,3,0.013,0.005315072906367325,2.8250000000000002e-05
100,116,Visibility,6,0.0002412157272654177,0.0002,0.1667,0.6667,0.1667,-0.5,0,0.0,0,0.0,0,0.0,0,0.0,0,0.0,0,0.0,2,0.011,1,0.005,2,0.009,0.004437842318564782,1.969444444444444e-05
111,62,Value Investing,5,0.00020101310605451475,0.0002,0.8,0.2,0.0,0.6000000000000001,0,0.0,0,0.0,2,0.048,0,0.0,0,0.0,0,0.0,2,0.011,1,0.005,0,0.0,0.015791171935961915,0.00024936111111111117
110,121,Commercial Banking,5,0.00020101310605451475,0.0002,0.6,0.4,0.0,0.19999999999999996,0,0.0,0,0.0,0,0.0,0,0.0,0,0.0,0,0.0,2,0.011,1,0.005,2,0.009,0.004437842318564782,1.969444444444444e-05
108,134,Pipeline,5,0.00020101310605451475,0.0002,0.4,0.6,0.0,-0.19999999999999996,0,0.0,0,0.0,0,0.0,0,0.0,0,0.0,0,0.0,1,0.005,1,0.005,3,0.013,0.004475240527365851,2.0027777777777777e-05
116,94,Market Data,4,0.0001608104848436118,0.0002,0.75,0.0,0.25,0.75,0,0.0,0,0.0,0,0.0,0,0.0,0,0.0,2,0.035,1,0.005,1,0.005,0,0.0,0.011456439237389602,0.00013125000000000005
115,141,Financial Position,4,0.0001608104848436118,0.0002,1.0,0.0,0.0,1.0,0,0.0,0,0.0,0,0.0,0,0.0,0,0.0,0,0.0,3,0.016,0,0.0,1,0.004,0.005333333333333333,2.8444444444444444e-05
112,54,Geographic Expansion,5,0.00020101310605451475,0.0002,0.8,0.2,0.0,0.6000000000000001,0,0.0,1,0.019,1,0.024,0,0.0,0,0.0,0,0.0,1,0.005,1,0.005,0,0.0,0.009184830488969904,8.436111111111112e-05
109,152,Engagement,5,0.00020101310605451475,0.0002,0.2,0.8,0.0,-0.6000000000000001,0,0.0,0,0.0,0,0.0,0,0.0,0,0.0,0,0.0,1,0.005,2,0.011,1,0.004,0.003833333333333333,1.4694444444444442e-05
107,170,Financial Impact,5,0.00020101310605451475,0.0002,0.4,0.4,0.2,0.0,0,0.0,0,0.0,0,0.0,0,0.0,0,0.0,0,0.0,0,0.0,1,0.005,3,0.013,0.004444097208657794,1.975e-05
106,251,Credit Risk,5,0.00020101310605451475,0.0002,0.4,0.4,0.2,0.0,0,0.0,0,0.0,0,0.0,0,0.0,0,0.0,0,0.0,0,0.0,0,0.0,4,0.018,0.006,3.6e-05
105,102,Quality Management,6,0.0002412157272654177,0.0002,1.0,0.0,0.0,1.0,0,0.0,0,0.0,0,0.0,0,0.0,0,0.0,1,0.018,0,0.0,0,0.0,3,0.013,0.006948221195225276,4.827777777777777e-05
103,210,Corporate Governance,6,0.0002412157272654177,0.0002,0.6667,0.3333,0.0,0.3334,0,0.0,0,0.0,0,0.0,0,0.0,0,0.0,0,0.0,0,0.0,1,0.005,3,0.013,0.004444097208657794,1.975e-05
92,74,Stock-Based Compensation,8,0.0003216209696872236,0.0003,0.125,0.5,0.375,-0.375,0,0.0,0,0.0,0,0.0,1,0.017,0,0.0,1,0.018,0,0.0,2,0.011,0,0.0,0.007896905160321422,6.236111111111111e-05
99,108,Equity Underwriting,6,0.0002412157272654177,0.0002,0.8333,0.1667,0.0,0.6666000000000001,0,0.0,0,0.0,0,0.0,0,0.0,0,0.0,0,0.0,3,0.016,0,0.0,1,0.004,0.005333333333333333,2.8444444444444444e-05
98,226,Exploration,7,0.00028141834847632063,0.0003,1.0,0.0,0.0,1.0,0,0.0,0,0.0,0,0.0,0,0.0,0,0.0,0,0.0,0,0.0,0,0.0,4,0.018,0.006,3.6e-05
121,148,Earnings Risk,4,0.0001608104848436118,0.0002,0.0,0.75,0.25,-0.75,0,0.0,0,0.0,0,0.0,0,0.0,0,0.0,0,0.0,1,0.005,2,0.011,1,0.004,0.003833333333333333,1.4694444444444442e-05
133,143,Yield,3,0.00012060786363270885,0.0001,0.0,1.0,0.0,-1.0,0,0.0,0,0.0,0,0.0,0,0.0,0,0.0,0,0.0,1,0.005,2,0.011,0,0.0,0.0038333333333333336,1.4694444444444445e-05
132,14,Discount Rate,3,0.00012060786363270885,0.0001,0.0,0.0,1.0,0.0,1,0.018,1,0.019,0,0.0,0,0.0,0,0.0,0,0.0,0,0.0,1,0.005,0,0.0,0.008015609770940698,6.424999999999999e-05
134,236,Interest Expense,3,0.00012060786363270885,0.0001,0.0,0.6667,0.3333,-0.6667,0,0.0,0,0.0,0,0.0,0,0.0,0,0.0,0,0.0,0,0.0,0,0.0,3,0.013,0.004333333333333333,1.8777777777777774e-05
136,247,Customer Relationship,3,0.00012060786363270885,0.0001,1.0,0.0,0.0,1.0,0,0.0,0,0.0,0,0.0,0,0.0,0,0.0,0,0.0,0,0.0,0,0.0,3,0.013,0.004333333333333333,1.8777777777777774e-05
135,127,Expense,3,0.00012060786363270885,0.0001,0.0,0.3333,0.6667,-0.3333,0,0.0,0,0.0,0,0.0,0,0.0,0,0.0,0,0.0,1,0.005,0,0.0,2,0.009,0.003244653722321964,1.0527777777777777e-05
145,189,Capacity Expansion,3,0.00012060786363270885,0.0001,0.6667,0.3333,0.0,0.3334,0,0.0,0,0.0,0,0.0,0,0.0,0,0.0,0,0.0,0,0.0,1,0.005,2,0.009,0.003244653722321964,1.0527777777777777e-05
137,207,SG&A Growth,3,0.00012060786363270885,0.0001,0.0,0.3333,0.6667,-0.3333,0,0.0,0,0.0,0,0.0,0,0.0,0,0.0,0,0.0,0,0.0,3,0.016,0,0.0,0.005333333333333334,2.844444444444445e-05
138,139,Value Unlocking,3,0.00012060786363270885,0.0001,1.0,0.0,0.0,1.0,0,0.0,0,0.0,0,0.0,0,0.0,0,0.0,0,0.0,1,0.005,2,0.011,0,0.0,0.0038333333333333336,1.4694444444444445e-05
139,133,Shareholder Returns,3,0.00012060786363270885,0.0001,1.0,0.0,0.0,1.0,0,0.0,0,0.0,0,0.0,0,0.0,0,0.0,0,0.0,1,0.005,2,0.011,0,0.0,0.0038333333333333336,1.4694444444444445e-05
140,60,Diversification,3,0.00012060786363270885,0.0001,0.6667,0.0,0.3333,0.6667,0,0.0,0,0.0,2,0.048,0,0.0,0,0.0,0,0.0,0,0.0,0,0.0,1,0.004,0.015888500383750646,0.00025244444444444446
147,91,Corporate Social Responsibility,3,0.00012060786363270885,0.0001,1.0,0.0,0.0,1.0,0,0.0,0,0.0,0,0.0,0,0.0,1,0.017,1,0.018,1,0.005,0,0.0,0,0.0,0.007584706835321835,5.752777777777777e-05
128,186,Subscriber Growth,3,0.00012060786363270885,0.0001,1.0,0.0,0.0,1.0,0,0.0,0,0.0,0,0.0,0,0.0,0,0.0,0,0.0,0,0.0,1,0.005,2,0.009,0.003244653722321964,1.0527777777777777e-05
131,128,Credit,3,0.00012060786363270885,0.0001,0.3333,0.0,0.6667,0.3333,0,0.0,0,0.0,0,0.0,0,0.0,0,0.0,0,0.0,1,0.005,1,0.005,1,0.004,0.0023511226632776474,5.527777777777779e-06
141,166,Earnings Visibility,3,0.00012060786363270885,0.0001,1.0,0.0,0.0,1.0,0,0.0,0,0.0,0,0.0,0,0.0,0,0.0,0,0.0,0,0.0,3,0.016,0,0.0,0.005333333333333334,2.844444444444445e-05
127,243,Consumer Trends,3,0.00012060786363270885,0.0001,0.3333,0.6667,0.0,-0.3334,0,0.0,0,0.0,0,0.0,0,0.0,0,0.0,0,0.0,0,0.0,0,0.0,3,0.013,0.004333333333333333,1.8777777777777774e-05
120,218,Holiday Sales,4,0.0001608104848436118,0.0002,0.75,0.0,0.25,0.75,0,0.0,0,0.0,0,0.0,0,0.0,0,0.0,0,0.0,0,0.0,2,0.011,1,0.004,0.003741657386773941,1.3999999999999996e-05
90,58,Executive Compensation,8,0.0003216209696872236,0.0003,0.625,0.25,0.125,0.375,0,0.0,1,0.019,0,0.0,0,0.0,0,0.0,0,0.0,0,0.0,1,0.005,1,0.004,0.006273843408239571,3.9361111111111114e-05
113,191,Operating Performance,4,0.0001608104848436118,0.0002,0.75,0.25,0.0,0.5,0,0.0,0,0.0,0,0.0,0,0.0,0,0.0,0,0.0,0,0.0,1,0.005,2,0.009,0.003244653722321964,1.0527777777777777e-05
114,249,Execution Risk,4,0.0001608104848436118,0.0002,0.0,1.0,0.0,-1.0,0,0.0,0,0.0,0,0.0,0,0.0,0,0.0,0,0.0,0,0.0,0,0.0,3,0.013,0.004333333333333333,1.8777777777777774e-05
117,100,Business Transformation,4,0.0001608104848436118,0.0002,1.0,0.0,0.0,1.0,0,0.0,0,0.0,0,0.0,0,0.0,0,0.0,1,0.018,2,0.011,0,0.0,0,0.0,0.006629060600450446,4.3944444444444434e-05
119,211,Deposit Growth,4,0.0001608104848436118,0.0002,0.75,0.0,0.25,0.75,0,0.0,0,0.0,0,0.0,0,0.0,0,0.0,0,0.0,0,0.0,2,0.011,1,0.004,0.003741657386773941,1.3999999999999996e-05
101,129,Loan Demand,6,0.0002412157272654177,0.0002,0.0,0.8333,0.1667,-0.8333,0,0.0,0,0.0,0,0.0,0,0.0,0,0.0,0,0.0,2,0.011,1,0.005,0,0.0,0.0038333333333333336,1.4694444444444445e-05
122,181,Value Creation,4,0.0001608104848436118,0.0002,1.0,0.0,0.0,1.0,0,0.0,0,0.0,0,0.0,0,0.0,0,0.0,0,0.0,0,0.0,1,0.005,2,0.009,0.003244653722321964,1.0527777777777777e-05
125,93,General Economic Trends,3,0.00012060786363270885,0.0001,0.3333,0.6667,0.0,-0.3334,0,0.0,0,0.0,0,0.0,0,0.0,0,0.0,1,0.018,1,0.005,1,0.005,0,0.0,0.005988414741073893,3.58611111111111e-05
126,111,Mergers and Acquisition Advisory,3,0.00012060786363270885,0.0001,0.3333,0.6667,0.0,-0.3334,0,0.0,0,0.0,0,0.0,0,0.0,0,0.0,0,0.0,2,0.011,0,0.0,1,0.004,0.003741657386773941,1.3999999999999996e-05
123,240,Earnings Catalysts,4,0.0001608104848436118,0.0002,1.0,0.0,0.0,1.0,0,0.0,0,0.0,0,0.0,0,0.0,0,0.0,0,0.0,0,0.0,0,0.0,3,0.013,0.004333333333333333,1.8777777777777774e-05
179,78,Energy Impact,2,8.04052424218059e-05,0.0001,0.5,0.5,0.0,0.0,0,0.0,0,0.0,0,0.0,0,0.0,1,0.017,0,0.0,0,0.0,0,0.0,1,0.004,0.005656854249492381,3.2000000000000005e-05
166,234,Fashion Trends,2,8.04052424218059e-05,0.0001,0.0,1.0,0.0,-1.0,0,0.0,0,0.0,0,0.0,0,0.0,0,0.0,0,0.0,0,0.0,0,0.0,2,0.009,0.003,9e-06
168,87,Operating Metrics,2,8.04052424218059e-05,0.0001,0.5,0.5,0.0,0.0,0,0.0,0,0.0,0,0.0,0,0.0,1,0.017,0,0.0,1,0.005,0,0.0,0,0.0,0.005703312877422892,3.2527777777777786e-05
170,215,Insurance,2,8.04052424218059e-05,0.0001,1.0,0.0,0.0,1.0,0,0.0,0,0.0,0,0.0,0,0.0,0,0.0,0,0.0,0,0.0,2,0.011,0,0.0,0.003666666666666666,1.3444444444444442e-05
171,213,Traffic,2,8.04052424218059e-05,0.0001,1.0,0.0,0.0,1.0,0,0.0,0,0.0,0,0.0,0,0.0,0,0.0,0,0.0,0,0.0,2,0.011,0,0.0,0.003666666666666666,1.3444444444444442e-05
172,205,Sales Channels,2,8.04052424218059e-05,0.0001,1.0,0.0,0.0,1.0,0,0.0,0,0.0,0,0.0,0,0.0,0,0.0,0,0.0,0,0.0,1,0.005,1,0.004,0.002,4e-06
173,203,Dividend Yield,2,8.04052424218059e-05,0.0001,1.0,0.0,0.0,1.0,0,0.0,0,0.0,0,0.0,0,0.0,0,0.0,0,0.0,0,0.0,2,0.011,0,0.0,0.003666666666666666,1.3444444444444442e-05
174,201,Vaccine Development,2,8.04052424218059e-05,0.0001,1.0,0.0,0.0,1.0,0,0.0,0,0.0,0,0.0,0,0.0,0,0.0,0,0.0,0,0.0,1,0.005,1,0.004,0.002,4e-06
175,168,Industrial Recovery,2,8.04052424218059e-05,0.0001,1.0,0.0,0.0,1.0,0,0.0,0,0.0,0,0.0,0,0.0,0,0.0,0,0.0,0,0.0,2,0.011,0,0.0,0.003666666666666666,1.3444444444444442e-05
176,154,Energy Sector,2,8.04052424218059e-05,0.0001,1.0,0.0,0.0,1.0,0,0.0,0,0.0,0,0.0,0,0.0,0,0.0,0,0.0,1,0.005,0,0.0,1,0.004,0.002,4e-06
178,64,Return On Investment,2,8.04052424218059e-05,0.0001,0.5,0.5,0.0,0.0,0,0.0,0,0.0,1,0.024,0,0.0,0,0.0,0,0.0,1,0.005,0,0.0,0,0.0,0.007965202096899014,6.344444444444445e-05
183,123,Corporate Lending,2,8.04052424218059e-05,0.0001,0.5,0.5,0.0,0.0,0,0.0,0,0.0,0,0.0,0,0.0,0,0.0,0,0.0,1,0.005,1,0.005,0,0.0,0.002204792759220492,4.8611111111111105e-06
182,137,Strength,2,8.04052424218059e-05,0.0001,1.0,0.0,0.0,1.0,0,0.0,0,0.0,0,0.0,0,0.0,0,0.0,0,0.0,2,0.011,0,0.0,0,0.0,0.003666666666666666,1.3444444444444442e-05
184,184,Transition,2,8.04052424218059e-05,0.0001,0.5,0.0,0.5,0.5,0,0.0,0,0.0,0,0.0,0,0.0,0,0.0,0,0.0,0,0.0,1,0.005,1,0.004,0.002,4e-06
129,149,Commercial Lending,3,0.00012060786363270885,0.0001,0.3333,0.3333,0.3333,0.0,0,0.0,0,0.0,0,0.0,0,0.0,0,0.0,0,0.0,1,0.005,1,0.005,0,0.0,0.002204792759220492,4.8611111111111105e-06
185,136,Capital Markets,2,8.04052424218059e-05,0.0001,0.5,0.0,0.5,0.5,0,0.0,0,0.0,0,0.0,0,0.0,0,0.0,0,0.0,2,0.011,0,0.0,0,0.0,0.003666666666666666,1.3444444444444442e-05
163,241,Sales Promotion,2,8.04052424218059e-05,0.0001,1.0,0.0,0.0,1.0,0,0.0,0,0.0,0,0.0,0,0.0,0,0.0,0,0.0,0,0.0,0,0.0,2,0.009,0.003,9e-06
186,132,Economic Recovery,2,8.04052424218059e-05,0.0001,0.5,0.0,0.5,0.5,0,0.0,0,0.0,0,0.0,0,0.0,0,0.0,0,0.0,1,0.005,0,0.0,1,0.004,0.002,4e-06
187,214,Securities,2,8.04052424218059e-05,0.0001,0.5,0.0,0.5,0.5,0,0.0,0,0.0,0,0.0,0,0.0,0,0.0,0,0.0,0,0.0,1,0.005,1,0.004,0.002,4e-06
189,268,Volume Growth,2,8.04052424218059e-05,0.0001,0.5,0.5,0.0,0.0,0,0.0,0,0.0,0,0.0,0,0.0,0,0.0,0,0.0,0,0.0,0,0.0,2,0.009,0.003,9e-06
191,160,FICC,2,8.04052424218059e-05,0.0001,0.5,0.5,0.0,0.0,0,0.0,0,0.0,0,0.0,0,0.0,0,0.0,0,0.0,0,0.0,1,0.005,1,0.004,0.002,4e-06
190,212,Transparency,2,8.04052424218059e-05,0.0001,0.5,0.5,0.0,0.0,0,0.0,0,0.0,0,0.0,0,0.0,0,0.0,0,0.0,0,0.0,1,0.005,1,0.004,0.002,4e-06
165,257,Financial Risk,2,8.04052424218059e-05,0.0001,0.0,1.0,0.0,-1.0,0,0.0,0,0.0,0,0.0,0,0.0,0,0.0,0,0.0,0,0.0,0,0.0,2,0.009,0.003,9e-06
180,153,Oil & Gas Industry,2,8.04052424218059e-05,0.0001,1.0,0.0,0.0,1.0,0,0.0,0,0.0,0,0.0,0,0.0,0,0.0,0,0.0,1,0.005,1,0.005,0,0.0,0.002204792759220492,4.8611111111111105e-06
144,202,Safety Profile,3,0.00012060786363270885,0.0001,0.6667,0.3333,0.0,0.3334,0,0.0,0,0.0,0,0.0,0,0.0,0,0.0,0,0.0,0,0.0,2,0.011,0,0.0,0.003666666666666666,1.3444444444444442e-05
153,135,Litigation Concerns,2,8.04052424218059e-05,0.0001,0.0,1.0,0.0,-1.0,0,0.0,0,0.0,0,0.0,0,0.0,0,0.0,0,0.0,2,0.011,0,0.0,0,0.0,0.003666666666666666,1.3444444444444442e-05
124,63,Fundamentals,3,0.00012060786363270885,0.0001,0.3333,0.3333,0.3333,0.0,0,0.0,0,0.0,1,0.024,0,0.0,0,0.0,0,0.0,0,0.0,1,0.005,0,0.0,0.007965202096899014,6.344444444444445e-05
118,155,Stock Dilution,4,0.0001608104848436118,0.0002,0.0,1.0,0.0,-1.0,0,0.0,0,0.0,0,0.0,0,0.0,0,0.0,0,0.0,1,0.005,1,0.005,0,0.0,0.002204792759220492,4.8611111111111105e-06
142,256,Cybersecurity,3,0.00012060786363270885,0.0001,0.6667,0.3333,0.0,0.3334,0,0.0,0,0.0,0,0.0,0,0.0,0,0.0,0,0.0,0,0.0,0,0.0,2,0.009,0.003,9e-06
162,120,Financial Services,2,8.04052424218059e-05,0.0001,1.0,0.0,0.0,1.0,0,0.0,0,0.0,0,0.0,0,0.0,0,0.0,0,0.0,2,0.011,0,0.0,0,0.0,0.003666666666666666,1.3444444444444442e-05
143,223,Cryptocurrency,3,0.00012060786363270885,0.0001,0.6667,0.3333,0.0,0.3334,0,0.0,0,0.0,0,0.0,0,0.0,0,0.0,0,0.0,0,0.0,0,0.0,2,0.009,0.003,9e-06
146,125,Content Spend,3,0.00012060786363270885,0.0001,0.6667,0.3333,0.0,0.3334,0,0.0,0,0.0,0,0.0,0,0.0,0,0.0,0,0.0,2,0.011,0,0.0,0,0.0,0.003666666666666666,1.3444444444444442e-05
148,161,Customer Remediation,2,8.04052424218059e-05,0.0001,0.0,1.0,0.0,-1.0,0,0.0,0,0.0,0,0.0,0,0.0,0,0.0,0,0.0,0,0.0,1,0.005,1,0.004,0.002,4e-06
149,177,Operating Margin Return on Inventory,2,8.04052424218059e-05,0.0001,0.0,1.0,0.0,-1.0,0,0.0,0,0.0,0,0.0,0,0.0,0,0.0,0,0.0,0,0.0,1,0.005,1,0.004,0.002,4e-06
150,92,Accounting Practices,2,8.04052424218059e-05,0.0001,0.0,0.5,0.5,-0.5,0,0.0,0,0.0,0,0.0,0,0.0,0,0.0,1,0.018,1,0.005,0,0.0,0,0.0,0.006023103666530884,3.6277777777777776e-05
151,206,Logistics Costs,2,8.04052424218059e-05,0.0001,0.0,1.0,0.0,-1.0,0,0.0,0,0.0,0,0.0,0,0.0,0,0.0,0,0.0,0,0.0,1,0.005,1,0.004,0.002,4e-06
154,238,Natural Gas,2,8.04052424218059e-05,0.0001,0.0,1.0,0.0,-1.0,0,0.0,0,0.0,0,0.0,0,0.0,0,0.0,0,0.0,0,0.0,0,0.0,2,0.009,0.003,9e-06
157,119,Sales Risk,2,8.04052424218059e-05,0.0001,0.0,1.0,0.0,-1.0,0,0.0,0,0.0,0,0.0,0,0.0,0,0.0,0,0.0,1,0.005,1,0.005,0,0.0,0.002204792759220492,4.8611111111111105e-06
161,267,Competitors,2,8.04052424218059e-05,0.0001,0.0,0.0,1.0,0.0,0,0.0,0,0.0,0,0.0,0,0.0,0,0.0,0,0.0,0,0.0,0,0.0,2,0.009,0.003,9e-06
160,262,Investor Confidence,2,8.04052424218059e-05,0.0001,0.0,1.0,0.0,-1.0,0,0.0,0,0.0,0,0.0,0,0.0,0,0.0,0,0.0,0,0.0,0,0.0,2,0.009,0.003,9e-06
130,225,Fees,3,0.00012060786363270885,0.0001,0.3333,0.3333,0.3333,0.0,0,0.0,0,0.0,0,0.0,0,0.0,0,0.0,0,0.0,0,0.0,0,0.0,2,0.009,0.003,9e-06
159,76,Trust,2,8.04052424218059e-05,0.0001,0.0,1.0,0.0,-1.0,0,0.0,0,0.0,0,0.0,0,0.0,2,0.034,0,0.0,0,0.0,0,0.0,0,0.0,0.011333333333333334,0.00012844444444444446
158,110,Loan Syndication,2,8.04052424218059e-05,0.0001,0.0,1.0,0.0,-1.0,0,0.0,0,0.0,0,0.0,0,0.0,0,0.0,0,0.0,2,0.011,0,0.0,0,0.0,0.003666666666666666,1.3444444444444442e-05
155,145,Net Charge-offs,2,8.04052424218059e-05,0.0001,0.0,1.0,0.0,-1.0,0,0.0,0,0.0,0,0.0,0,0.0,0,0.0,0,0.0,1,0.005,0,0.0,1,0.004,0.002,4e-06
254,80,Truckload Carriers Rates,1,4.020262121090295e-05,0.0,1.0,0.0,0.0,1.0,0,0.0,0,0.0,0,0.0,0,0.0,1,0.017,0,0.0,0,0.0,0,0.0,0,0.0,0.005666666666666667,3.2111111111111114e-05
253,83,UNP Stock Consensus,1,4.020262121090295e-05,0.0,1.0,0.0,0.0,1.0,0,0.0,0,0.0,0,0.0,0,0.0,1,0.017,0,0.0,0,0.0,0,0.0,0,0.0,0.005666666666666667,3.2111111111111114e-05
249,130,Underwriting,1,4.020262121090295e-05,0.0,1.0,0.0,0.0,1.0,0,0.0,0,0.0,0,0.0,0,0.0,0,0.0,0,0.0,1,0.005,0,0.0,0,0.0,0.0016666666666666666,2.7777777777777775e-06
250,112,EBIT,1,4.020262121090295e-05,0.0,1.0,0.0,0.0,1.0,0,0.0,0,0.0,0,0.0,0,0.0,0,0.0,0,0.0,1,0.005,0,0.0,0,0.0,0.0016666666666666666,2.7777777777777775e-06
251,101,Process Optimization,1,4.020262121090295e-05,0.0,1.0,0.0,0.0,1.0,0,0.0,0,0.0,0,0.0,0,0.0,0,0.0,1,0.018,0,0.0,0,0.0,0,0.0,0.005999999999999999,3.5999999999999994e-05
246,151,Ad ARPU,1,4.020262121090295e-05,0.0,1.0,0.0,0.0,1.0,0,0.0,0,0.0,0,0.0,0,0.0,0,0.0,0,0.0,1,0.005,0,0.0,0,0.0,0.0016666666666666666,2.7777777777777775e-06
255,79,Parcel Carriers Momentum,1,4.020262121090295e-05,0.0,1.0,0.0,0.0,1.0,0,0.0,0,0.0,0,0.0,0,0.0,1,0.017,0,0.0,0,0.0,0,0.0,0,0.0,0.005666666666666667,3.2111111111111114e-05
252,88,Truckload Rates,1,4.020262121090295e-05,0.0,1.0,0.0,0.0,1.0,0,0.0,0,0.0,0,0.0,0,0.0,1,0.017,0,0.0,0,0.0,0,0.0,0,0.0,0.005666666666666667,3.2111111111111114e-05
248,180,Scalability,1,4.020262121090295e-05,0.0,1.0,0.0,0.0,1.0,0,0.0,0,0.0,0,0.0,0,0.0,0,0.0,0,0.0,0,0.0,1,0.005,0,0.0,0.0016666666666666666,2.7777777777777775e-06
247,142,Flexibility,1,4.020262121090295e-05,0.0,1.0,0.0,0.0,1.0,0,0.0,0,0.0,0,0.0,0,0.0,0,0.0,0,0.0,1,0.005,0,0.0,0,0.0,0.0016666666666666666,2.7777777777777775e-06
279,217,Security,1,4.020262121090295e-05,0.0,1.0,0.0,0.0,1.0,0,0.0,0,0.0,0,0.0,0,0.0,0,0.0,0,0.0,0,0.0,1,0.005,0,0.0,0.0016666666666666666,2.7777777777777775e-06
245,157,API Integration,1,4.020262121090295e-05,0.0,1.0,0.0,0.0,1.0,0,0.0,0,0.0,0,0.0,0,0.0,0,0.0,0,0.0,1,0.005,0,0.0,0,0.0,0.0016666666666666666,2.7777777777777775e-06
244,158,Workflow Integration,1,4.020262121090295e-05,0.0,1.0,0.0,0.0,1.0,0,0.0,0,0.0,0,0.0,0,0.0,0,0.0,0,0.0,1,0.005,0,0.0,0,0.0,0.0016666666666666666,2.7777777777777775e-06
243,162,Reserve Release,1,4.020262121090295e-05,0.0,1.0,0.0,0.0,1.0,0,0.0,0,0.0,0,0.0,0,0.0,0,0.0,0,0.0,0,0.0,1,0.005,0,0.0,0.0016666666666666666,2.7777777777777775e-06
242,167,Operational Performance,1,4.020262121090295e-05,0.0,1.0,0.0,0.0,1.0,0,0.0,0,0.0,0,0.0,0,0.0,0,0.0,0,0.0,0,0.0,1,0.005,0,0.0,0.0016666666666666666,2.7777777777777775e-06
257,68,Entrepreneurs,1,4.020262121090295e-05,0.0,1.0,0.0,0.0,1.0,0,0.0,0,0.0,0,0.0,1,0.017,0,0.0,0,0.0,0,0.0,0,0.0,0,0.0,0.005666666666666667,3.2111111111111114e-05
241,171,Organizational Structure,1,4.020262121090295e-05,0.0,1.0,0.0,0.0,1.0,0,0.0,0,0.0,0,0.0,0,0.0,0,0.0,0,0.0,0,0.0,1,0.005,0,0.0,0.0016666666666666666,2.7777777777777775e-06
240,173,Asset-Light Models,1,4.020262121090295e-05,0.0,1.0,0.0,0.0,1.0,0,0.0,0,0.0,0,0.0,0,0.0,0,0.0,0,0.0,0,0.0,1,0.005,0,0.0,0.0016666666666666666,2.7777777777777775e-06
239,174,Supplier Relations,1,4.020262121090295e-05,0.0,1.0,0.0,0.0,1.0,0,0.0,0,0.0,0,0.0,0,0.0,0,0.0,0,0.0,0,0.0,1,0.005,0,0.0,0.0016666666666666666,2.7777777777777775e-06
238,176,Branded Exposure,1,4.020262121090295e-05,0.0,1.0,0.0,0.0,1.0,0,0.0,0,0.0,0,0.0,0,0.0,0,0.0,0,0.0,0,0.0,1,0.005,0,0.0,0.0016666666666666666,2.7777777777777775e-06
237,144,Mortgage Production,1,4.020262121090295e-05,0.0,1.0,0.0,0.0,1.0,0,0.0,0,0.0,0,0.0,0,0.0,0,0.0,0,0.0,1,0.005,0,0.0,0,0.0,0.0016666666666666666,2.7777777777777775e-06
236,280,Integration,1,4.020262121090295e-05,0.0,1.0,0.0,0.0,1.0,0,0.0,0,0.0,0,0.0,0,0.0,0,0.0,0,0.0,0,0.0,0,0.0,1,0.004,0.0013333333333333335,1.7777777777777782e-06
235,232,Net Cash,1,4.020262121090295e-05,0.0,1.0,0.0,0.0,1.0,0,0.0,0,0.0,0,0.0,0,0.0,0,0.0,0,0.0,0,0.0,0,0.0,1,0.004,0.0013333333333333335,1.7777777777777782e-06
256,77,Rail Pricing,1,4.020262121090295e-05,0.0,1.0,0.0,0.0,1.0,0,0.0,0,0.0,0,0.0,0,0.0,1,0.017,0,0.0,0,0.0,0,0.0,0,0.0,0.005666666666666667,3.2111111111111114e-05
267,260,Contracts,1,4.020262121090295e-05,0.0,1.0,0.0,0.0,1.0,0,0.0,0,0.0,0,0.0,0,0.0,0,0.0,0,0.0,0,0.0,0,0.0,1,0.004,0.0013333333333333335,1.7777777777777782e-06
258,179,Transaction Closure,1,4.020262121090295e-05,0.0,1.0,0.0,0.0,1.0,0,0.0,0,0.0,0,0.0,0,0.0,0,0.0,0,0.0,0,0.0,1,0.005,0,0.0,0.0016666666666666666,2.7777777777777775e-06
259,183,Demographics,1,4.020262121090295e-05,0.0,1.0,0.0,0.0,1.0,0,0.0,0,0.0,0,0.0,0,0.0,0,0.0,0,0.0,0,0.0,1,0.005,0,0.0,0.0016666666666666666,2.7777777777777775e-06
278,219,IT Systems,1,4.020262121090295e-05,0.0,1.0,0.0,0.0,1.0,0,0.0,0,0.0,0,0.0,0,0.0,0,0.0,0,0.0,0,0.0,1,0.005,0,0.0,0.0016666666666666666,2.7777777777777775e-06
277,220,Digital Platforms,1,4.020262121090295e-05,0.0,1.0,0.0,0.0,1.0,0,0.0,0,0.0,0,0.0,0,0.0,0,0.0,0,0.0,0,0.0,1,0.005,0,0.0,0.0016666666666666666,2.7777777777777775e-06
280,216,Government Policies,1,4.020262121090295e-05,0.0,1.0,0.0,0.0,1.0,0,0.0,0,0.0,0,0.0,0,0.0,0,0.0,0,0.0,0,0.0,1,0.005,0,0.0,0.0016666666666666666,2.7777777777777775e-06
276,222,Innovations,1,4.020262121090295e-05,0.0,1.0,0.0,0.0,1.0,0,0.0,0,0.0,0,0.0,0,0.0,0,0.0,0,0.0,0,0.0,0,0.0,1,0.004,0.0013333333333333335,1.7777777777777782e-06
281,199,Gaming Demand,1,4.020262121090295e-05,0.0,1.0,0.0,0.0,1.0,0,0.0,0,0.0,0,0.0,0,0.0,0,0.0,0,0.0,0,0.0,1,0.005,0,0.0,0.0016666666666666666,2.7777777777777775e-06
233,239,Volume,1,4.020262121090295e-05,0.0,0.0,1.0,0.0,-1.0,0,0.0,0,0.0,0,0.0,0,0.0,0,0.0,0,0.0,0,0.0,0,0.0,1,0.004,0.0013333333333333335,1.7777777777777782e-06
275,228,Pension Obligations,1,4.020262121090295e-05,0.0,1.0,0.0,0.0,1.0,0,0.0,0,0.0,0,0.0,0,0.0,0,0.0,0,0.0,0,0.0,0,0.0,1,0.004,0.0013333333333333335,1.7777777777777782e-06
274,230,Price Shock Absorber,1,4.020262121090295e-05,0.0,1.0,0.0,0.0,1.0,0,0.0,0,0.0,0,0.0,0,0.0,0,0.0,0,0.0,0,0.0,0,0.0,1,0.004,0.0013333333333333335,1.7777777777777782e-06
273,235,Control,1,4.020262121090295e-05,0.0,1.0,0.0,0.0,1.0,0,0.0,0,0.0,0,0.0,0,0.0,0,0.0,0,0.0,0,0.0,0,0.0,1,0.004,0.0013333333333333335,1.7777777777777782e-06
272,187,Subscription Growth,1,4.020262121090295e-05,0.0,1.0,0.0,0.0,1.0,0,0.0,0,0.0,0,0.0,0,0.0,0,0.0,0,0.0,0,0.0,1,0.005,0,0.0,0.0016666666666666666,2.7777777777777775e-06
271,242,Succession Planning,1,4.020262121090295e-05,0.0,1.0,0.0,0.0,1.0,0,0.0,0,0.0,0,0.0,0,0.0,0,0.0,0,0.0,0,0.0,0,0.0,1,0.004,0.0013333333333333335,1.7777777777777782e-06
270,245,Digitalization,1,4.020262121090295e-05,0.0,1.0,0.0,0.0,1.0,0,0.0,0,0.0,0,0.0,0,0.0,0,0.0,0,0.0,0,0.0,0,0.0,1,0.004,0.0013333333333333335,1.7777777777777782e-06
269,246,Fintech Partnerships,1,4.020262121090295e-05,0.0,1.0,0.0,0.0,1.0,0,0.0,0,0.0,0,0.0,0,0.0,0,0.0,0,0.0,0,0.0,0,0.0,1,0.004,0.0013333333333333335,1.7777777777777782e-06
268,250,LNG Pricing,1,4.020262121090295e-05,0.0,1.0,0.0,0.0,1.0,0,0.0,0,0.0,0,0.0,0,0.0,0,0.0,0,0.0,0,0.0,0,0.0,1,0.004,0.0013333333333333335,1.7777777777777782e-06
266,269,Real Estate,1,4.020262121090295e-05,0.0,1.0,0.0,0.0,1.0,0,0.0,0,0.0,0,0.0,0,0.0,0,0.0,0,0.0,0,0.0,0,0.0,1,0.004,0.0013333333333333335,1.7777777777777782e-06
265,270,Cross-border Transactions,1,4.020262121090295e-05,0.0,1.0,0.0,0.0,1.0,0,0.0,0,0.0,0,0.0,0,0.0,0,0.0,0,0.0,0,0.0,0,0.0,1,0.004,0.0013333333333333335,1.7777777777777782e-06
264,273,Tax Issues,1,4.020262121090295e-05,0.0,1.0,0.0,0.0,1.0,0,0.0,0,0.0,0,0.0,0,0.0,0,0.0,0,0.0,0,0.0,0,0.0,1,0.004,0.0013333333333333335,1.7777777777777782e-06
263,277,Customer Satisfaction,1,4.020262121090295e-05,0.0,1.0,0.0,0.0,1.0,0,0.0,0,0.0,0,0.0,0,0.0,0,0.0,0,0.0,0,0.0,0,0.0,1,0.004,0.0013333333333333335,1.7777777777777782e-06
262,278,Market Recognition,1,4.020262121090295e-05,0.0,1.0,0.0,0.0,1.0,0,0.0,0,0.0,0,0.0,0,0.0,0,0.0,0,0.0,0,0.0,0,0.0,1,0.004,0.0013333333333333335,1.7777777777777782e-06
261,244,Travel Industry,1,4.020262121090295e-05,0.0,1.0,0.0,0.0,1.0,0,0.0,0,0.0,0,0.0,0,0.0,0,0.0,0,0.0,0,0.0,0,0.0,1,0.004,0.0013333333333333335,1.7777777777777782e-06
260,279,Diversity,1,4.020262121090295e-05,0.0,1.0,0.0,0.0,1.0,0,0.0,0,0.0,0,0.0,0,0.0,0,0.0,0,0.0,0,0.0,0,0.0,1,0.004,0.0013333333333333335,1.7777777777777782e-06
234,197,GPU Pricing,1,4.020262121090295e-05,0.0,0.0,0.0,1.0,0.0,0,0.0,0,0.0,0,0.0,0,0.0,0,0.0,0,0.0,0,0.0,1,0.005,0,0.0,0.0016666666666666666,2.7777777777777775e-06
205,264,Fees and Costs,1,4.020262121090295e-05,0.0,0.0,0.0,1.0,0.0,0,0.0,0,0.0,0,0.0,0,0.0,0,0.0,0,0.0,0,0.0,0,0.0,1,0.004,0.0013333333333333335,1.7777777777777782e-06
232,252,Retail Landscape,1,4.020262121090295e-05,0.0,0.0,1.0,0.0,-1.0,0,0.0,0,0.0,0,0.0,0,0.0,0,0.0,0,0.0,0,0.0,0,0.0,1,0.004,0.0013333333333333335,1.7777777777777782e-06
207,221,Executive Changes,1,4.020262121090295e-05,0.0,0.0,0.0,1.0,0.0,0,0.0,0,0.0,0,0.0,0,0.0,0,0.0,0,0.0,0,0.0,0,0.0,1,0.004,0.0013333333333333335,1.7777777777777782e-06
204,265,Reserve Build,1,4.020262121090295e-05,0.0,0.0,0.0,1.0,0.0,0,0.0,0,0.0,0,0.0,0,0.0,0,0.0,0,0.0,0,0.0,0,0.0,1,0.004,0.0013333333333333335,1.7777777777777782e-06
203,156,Capital Structure,1,4.020262121090295e-05,0.0,0.0,0.0,1.0,0.0,0,0.0,0,0.0,0,0.0,0,0.0,0,0.0,0,0.0,1,0.005,0,0.0,0,0.0,0.0016666666666666666,2.7777777777777775e-06
202,224,Transaction Fees,1,4.020262121090295e-05,0.0,0.0,1.0,0.0,-1.0,0,0.0,0,0.0,0,0.0,0,0.0,0,0.0,0,0.0,0,0.0,0,0.0,1,0.004,0.0013333333333333335,1.7777777777777782e-06
201,282,Compliance,1,4.020262121090295e-05,0.0,0.0,1.0,0.0,-1.0,0,0.0,0,0.0,0,0.0,0,0.0,0,0.0,0,0.0,0,0.0,0,0.0,1,0.004,0.0013333333333333335,1.7777777777777782e-06
200,188,Training,1,4.020262121090295e-05,0.0,0.0,1.0,0.0,-1.0,0,0.0,0,0.0,0,0.0,0,0.0,0,0.0,0,0.0,0,0.0,1,0.005,0,0.0,0.0016666666666666666,2.7777777777777775e-06
199,175,Manufacturing,1,4.020262121090295e-05,0.0,0.0,1.0,0.0,-1.0,0,0.0,0,0.0,0,0.0,0,0.0,0,0.0,0,0.0,0,0.0,1,0.005,0,0.0,0.0016666666666666666,2.7777777777777775e-06
198,165,Deposit Costs,1,4.020262121090295e-05,0.0,0.0,1.0,0.0,-1.0,0,0.0,0,0.0,0,0.0,0,0.0,0,0.0,0,0.0,0,0.0,1,0.005,0,0.0,0.0016666666666666666,2.7777777777777775e-06
197,163,Cost of IBL,1,4.020262121090295e-05,0.0,0.0,1.0,0.0,-1.0,0,0.0,0,0.0,0,0.0,0,0.0,0,0.0,0,0.0,0,0.0,1,0.005,0,0.0,0.0016666666666666666,2.7777777777777775e-06
196,192,Security Breach,1,4.020262121090295e-05,0.0,0.0,1.0,0.0,-1.0,0,0.0,0,0.0,0,0.0,0,0.0,0,0.0,0,0.0,0,0.0,1,0.005,0,0.0,0.0016666666666666666,2.7777777777777775e-06
195,147,R&D,1,4.020262121090295e-05,0.0,0.0,1.0,0.0,-1.0,0,0.0,0,0.0,0,0.0,0,0.0,0,0.0,0,0.0,1,0.005,0,0.0,0,0.0,0.0016666666666666666,2.7777777777777775e-06
194,126,Licensing Revenue,1,4.020262121090295e-05,0.0,0.0,1.0,0.0,-1.0,0,0.0,0,0.0,0,0.0,0,0.0,0,0.0,0,0.0,1,0.005,0,0.0,0,0.0,0.0016666666666666666,2.7777777777777775e-06
193,85,KSU Perception,1,4.020262121090295e-05,0.0,0.0,1.0,0.0,-1.0,0,0.0,0,0.0,0,0.0,0,0.0,1,0.017,0,0.0,0,0.0,0,0.0,0,0.0,0.005666666666666667,3.2111111111111114e-05
192,73,EPS Guidance,1,4.020262121090295e-05,0.0,0.0,1.0,0.0,-1.0,0,0.0,0,0.0,0,0.0,1,0.017,0,0.0,0,0.0,0,0.0,0,0.0,0,0.0,0.005666666666666667,3.2111111111111114e-05
188,274,Fee Income,2,8.04052424218059e-05,0.0001,0.5,0.5,0.0,0.0,0,0.0,0,0.0,0,0.0,0,0.0,0,0.0,0,0.0,0,0.0,0,0.0,1,0.004,0.0013333333333333335,1.7777777777777782e-06
181,118,Culture,2,8.04052424218059e-05,0.0001,0.5,0.5,0.0,0.0,0,0.0,0,0.0,0,0.0,0,0.0,0,0.0,0,0.0,1,0.005,0,0.0,0,0.0,0.0016666666666666666,2.7777777777777775e-06
177,258,Tech Spending,2,8.04052424218059e-05,0.0001,0.5,0.0,0.5,0.5,0,0.0,0,0.0,0,0.0,0,0.0,0,0.0,0,0.0,0,0.0,0,0.0,1,0.004,0.0013333333333333335,1.7777777777777782e-06
169,229,Volume Leverage,2,8.04052424218059e-05,0.0001,1.0,0.0,0.0,1.0,0,0.0,0,0.0,0,0.0,0,0.0,0,0.0,0,0.0,0,0.0,0,0.0,1,0.004,0.0013333333333333335,1.7777777777777782e-06
167,275,Provision Expense,2,8.04052424218059e-05,0.0001,0.0,1.0,0.0,-1.0,0,0.0,0,0.0,0,0.0,0,0.0,0,0.0,0,0.0,0,0.0,0,0.0,1,0.004,0.0013333333333333335,1.7777777777777782e-06
164,150,HELOC Utilization,2,8.04052424218059e-05,0.0001,0.0,0.5,0.5,-0.5,0,0.0,0,0.0,0,0.0,0,0.0,0,0.0,0,0.0,1,0.005,0,0.0,0,0.0,0.0016666666666666666,2.7777777777777775e-06
156,281,Store Expansion,2,8.04052424218059e-05,0.0001,1.0,0.0,0.0,1.0,0,0.0,0,0.0,0,0.0,0,0.0,0,0.0,0,0.0,0,0.0,0,0.0,1,0.004,0.0013333333333333335,1.7777777777777782e-06
152,185,Programming Expenses,2,8.04052424218059e-05,0.0001,0.0,1.0,0.0,-1.0,0,0.0,0,0.0,0,0.0,0,0.0,0,0.0,0,0.0,0,0.0,1,0.005,0,0.0,0.0016666666666666666,2.7777777777777775e-06
206,248,Sales Forecast,1,4.020262121090295e-05,0.0,0.0,0.0,1.0,0.0,0,0.0,0,0.0,0,0.0,0,0.0,0,0.0,0,0.0,0,0.0,0,0.0,1,0.004,0.0013333333333333335,1.7777777777777782e-06
208,209,Tax Settlement,1,4.020262121090295e-05,0.0,0.0,0.0,1.0,0.0,0,0.0,0,0.0,0,0.0,0,0.0,0,0.0,0,0.0,0,0.0,1,0.005,0,0.0,0.0016666666666666666,2.7777777777777775e-06
231,253,Apparel Recovery,1,4.020262121090295e-05,0.0,0.0,1.0,0.0,-1.0,0,0.0,0,0.0,0,0.0,0,0.0,0,0.0,0,0.0,0,0.0,0,0.0,1,0.004,0.0013333333333333335,1.7777777777777782e-06
209,204,Depreciation,1,4.020262121090295e-05,0.0,0.0,0.0,1.0,0.0,0,0.0,0,0.0,0,0.0,0,0.0,0,0.0,0,0.0,0,0.0,1,0.005,0,0.0,0.0016666666666666666,2.7777777777777775e-06
230,254,Customer Spending,1,4.020262121090295e-05,0.0,0.0,1.0,0.0,-1.0,0,0.0,0,0.0,0,0.0,0,0.0,0,0.0,0,0.0,0,0.0,0,0.0,1,0.004,0.0013333333333333335,1.7777777777777782e-06
229,255,Consumer Pressure,1,4.020262121090295e-05,0.0,0.0,1.0,0.0,-1.0,0,0.0,0,0.0,0,0.0,0,0.0,0,0.0,0,0.0,0,0.0,0,0.0,1,0.004,0.0013333333333333335,1.7777777777777782e-06
228,259,Earnings Momentum,1,4.020262121090295e-05,0.0,0.0,1.0,0.0,-1.0,0,0.0,0,0.0,0,0.0,0,0.0,0,0.0,0,0.0,0,0.0,0,0.0,1,0.004,0.0013333333333333335,1.7777777777777782e-06
227,261,Margin Compression,1,4.020262121090295e-05,0.0,0.0,1.0,0.0,-1.0,0,0.0,0,0.0,0,0.0,0,0.0,0,0.0,0,0.0,0,0.0,0,0.0,1,0.004,0.0013333333333333335,1.7777777777777782e-06
226,263,Engineering Talent,1,4.020262121090295e-05,0.0,0.0,1.0,0.0,-1.0,0,0.0,0,0.0,0,0.0,0,0.0,0,0.0,0,0.0,0,0.0,0,0.0,1,0.004,0.0013333333333333335,1.7777777777777782e-06
225,266,Securities Losses,1,4.020262121090295e-05,0.0,0.0,1.0,0.0,-1.0,0,0.0,0,0.0,0,0.0,0,0.0,0,0.0,0,0.0,0,0.0,0,0.0,1,0.004,0.0013333333333333335,1.7777777777777782e-06
224,271,Litigation and Regulation,1,4.020262121090295e-05,0.0,0.0,1.0,0.0,-1.0,0,0.0,0,0.0,0,0.0,0,0.0,0,0.0,0,0.0,0,0.0,0,0.0,1,0.004,0.0013333333333333335,1.7777777777777782e-06
223,276,Equity,1,4.020262121090295e-05,0.0,0.0,1.0,0.0,-1.0,0,0.0,0,0.0,0,0.0,0,0.0,0,0.0,0,0.0,0,0.0,0,0.0,1,0.004,0.0013333333333333335,1.7777777777777782e-06
222,81,Brokers Uncertainty,1,4.020262121090295e-05,0.0,0.0,0.0,1.0,0.0,0,0.0,0,0.0,0,0.0,0,0.0,1,0.017,0,0.0,0,0.0,0,0.0,0,0.0,0.005666666666666667,3.2111111111111114e-05
221,82,Stock Specific Level,1,4.020262121090295e-05,0.0,0.0,0.0,1.0,0.0,0,0.0,0,0.0,0,0.0,0,0.0,1,0.017,0,0.0,0,0.0,0,0.0,0,0.0,0.005666666666666667,3.2111111111111114e-05
220,84,XPO Interest,1,4.020262121090295e-05,0.0,0.0,0.0,1.0,0.0,0,0.0,0,0.0,0,0.0,0,0.0,1,0.017,0,0.0,0,0.0,0,0.0,0,0.0,0.005666666666666667,3.2111111111111114e-05
219,237,Investor Concerns,1,4.020262121090295e-05,0.0,0.0,1.0,0.0,-1.0,0,0.0,0,0.0,0,0.0,0,0.0,0,0.0,0,0.0,0,0.0,0,0.0,1,0.004,0.0013333333333333335,1.7777777777777782e-06
218,86,UPS Attention,1,4.020262121090295e-05,0.0,0.0,0.0,1.0,0.0,0,0.0,0,0.0,0,0.0,0,0.0,1,0.017,0,0.0,0,0.0,0,0.0,0,0.0,0.005666666666666667,3.2111111111111114e-05
217,178,EBITDA Multiple,1,4.020262121090295e-05,0.0,0.0,0.0,1.0,0.0,0,0.0,0,0.0,0,0.0,0,0.0,0,0.0,0,0.0,0,0.0,1,0.005,0,0.0,0.0016666666666666666,2.7777777777777775e-06
216,182,Retail Initiatives,1,4.020262121090295e-05,0.0,0.0,0.0,1.0,0.0,0,0.0,0,0.0,0,0.0,0,0.0,0,0.0,0,0.0,0,0.0,1,0.005,0,0.0,0.0016666666666666666,2.7777777777777775e-06
215,193,Cryptocurrency Impact,1,4.020262121090295e-05,0.0,0.0,0.0,1.0,0.0,0,0.0,0,0.0,0,0.0,0,0.0,0,0.0,0,0.0,0,0.0,1,0.005,0,0.0,0.0016666666666666666,2.7777777777777775e-06
214,194,GPU Market,1,4.020262121090295e-05,0.0,0.0,0.0,1.0,0.0,0,0.0,0,0.0,0,0.0,0,0.0,0,0.0,0,0.0,0,0.0,1,0.005,0,0.0,0.0016666666666666666,2.7777777777777775e-06
213,195,Earnings Call Focus,1,4.020262121090295e-05,0.0,0.0,0.0,1.0,0.0,0,0.0,0,0.0,0,0.0,0,0.0,0,0.0,0,0.0,0,0.0,1,0.005,0,0.0,0.0016666666666666666,2.7777777777777775e-06
212,196,GPU Supply Outlook,1,4.020262121090295e-05,0.0,0.0,0.0,1.0,0.0,0,0.0,0,0.0,0,0.0,0,0.0,0,0.0,0,0.0,0,0.0,1,0.005,0,0.0,0.0016666666666666666,2.7777777777777775e-06
211,198,Crypto Demand Impact,1,4.020262121090295e-05,0.0,0.0,0.0,1.0,0.0,0,0.0,0,0.0,0,0.0,0,0.0,0,0.0,0,0.0,0,0.0,1,0.005,0,0.0,0.0016666666666666666,2.7777777777777775e-06
210,200,Crypto Volatility,1,4.020262121090295e-05,0.0,0.0,0.0,1.0,0.0,0,0.0,0,0.0,0,0.0,0,0.0,0,0.0,0,0.0,0,0.0,1,0.005,0,0.0,0.0016666666666666666,2.7777777777777775e-06
282,272,Consumer Spending,1,4.020262121090295e-05,0.0,0.0,0.0,1.0,0.0,0,0.0,0,0.0,0,0.0,0,0.0,0,0.0,0,0.0,0,0.0,0,0.0,1,0.004,0.0013333333333333335,1.7777777777777782e-06
